,solver,tol,train_loss,train_time,train_score,test_score,n_iter,converged
0,lbfgs,0.1,0.00024072038402909673,31.939832549999892,1.0,0.8404966571155683,89,True
1,newton-cg,0.1,0.00039439618415178706,36.08560347899993,1.0,0.8750928579008809,11,True
2,newton-lsmr,0.1,0.0003298564847793821,9.701729847000024,0.9997877533694153,0.8997134670487106,1,True
3,lbfgs,0.01,6.820164844196484e-06,35.74219161899987,1.0,0.8365700944497506,102,True
4,newton-cg,0.01,5.1106853523666066e-05,43.272124965999865,1.0,0.8782765573596519,14,True
5,newton-lsmr,0.01,1.853908790183233e-05,18.595135632999927,1.0,0.8930276981852913,1,True
6,lbfgs,0.001,1.445298576353388e-06,38.01809711300007,1.0,0.8333863949909796,108,True
7,newton-cg,0.001,6.4550818986236005e-06,49.913992363000034,1.0,0.8779581874137748,17,True
8,newton-lsmr,0.001,4.748370640334657e-06,107.08343836600011,1.0,0.8936644380770455,2,True
9,lbfgs,0.0001,1.283201425047801e-07,39.29532392099986,1.0,0.8315822986310092,113,True
10,newton-cg,0.0001,4.986584375450593e-07,57.387584808000156,1.0,0.8781704340443596,20,True
11,newton-lsmr,0.0001,4.57493348172439e-06,108.11839779599995,1.0,0.8934521914464608,2,True
12,lbfgs,1e-05,1.509632286295713e-08,40.61666484399984,1.0,0.8290353390639924,117,True
13,newton-cg,1e-05,7.038655793315655e-08,63.683267528000215,1.0,0.8779581874137748,22,True
14,newton-lsmr,1e-05,4.4478587835592996e-06,107.01624073999983,1.0,0.8934521914464608,2,True
15,lbfgs,1e-06,3.951707067206023e-09,42.12825341200005,1.0,0.8281863525416534,122,True
16,newton-cg,1e-06,2.52865032001237e-08,151.0573313330001,1.0,0.8784888039902367,300,False
17,newton-lsmr,1e-06,1.6281669984467293e-06,121.50261462300023,1.0,0.8929215748699989,3,True
18,lbfgs,1e-07,2.1974730924494106e-09,49.3890974699998,1.0,0.8337047649368566,135,True
19,newton-lsmr,1e-07,8.629130620416836e-08,120.83360728600019,1.0,0.8965297675899395,6,True
20,lbfgs,1e-08,7.216431400566044e-10,85.10779890499998,1.0,0.8548233046800382,251,True
21,newton-lsmr,1e-08,1.2504659735610402e-08,141.8642732440003,1.0,0.9000318369945877,8,True
22,lbfgs,1e-09,4.1981133498751296e-10,136.35830511800032,1.0,0.8711662952350632,406,True
23,newton-lsmr,1e-09,2.2785341213774982e-09,175.95382772199991,1.0,0.901835933354558,10,True
24,lbfgs,1e-10,4.1981133498751296e-10,148.50081864899994,1.0,0.8711662952350632,406,True
25,newton-lsmr,1e-10,6.019492979924515e-10,514.3074960230001,1.0,0.8863419293218721,12,True
