,solver,tol,train_loss,train_time,train_score,test_score,n_iter,converged
0,lbfgs,0.1,0.2533166034610266,12.424285390000009,0.95,0.9521,4857,True
1,newton-cg,0.1,0.2532865013399421,2.866303153000004,0.95,0.9521,54,True
2,newton-lsmr,0.1,0.3530106394739861,0.10084042299999396,0.9501,0.9523,5,True
3,lbfgs,0.01,0.2533166034610266,14.699120011000005,0.95,0.9521,4857,True
4,newton-cg,0.01,0.25325742007284324,8.128916214,0.95,0.952,81,True
5,newton-lsmr,0.01,0.2791565672828294,0.3739820969999812,0.9501,0.9523,14,True
6,lbfgs,0.001,0.2533166034610266,12.13667873099999,0.95,0.9521,4857,True
7,newton-cg,0.001,0.25325341757974273,32.31039777199999,0.95,0.952,223,True
8,newton-lsmr,0.001,0.25780095590563795,0.8104540239999949,0.95,0.9523,23,True
9,lbfgs,0.0001,0.2533166034610266,12.128198464000008,0.95,0.9521,4857,True
10,newton-cg,0.0001,0.2532529775526379,134.57923042,0.95,0.952,730,True
11,newton-lsmr,0.0001,0.25447990456276776,1.2839118640000038,0.95,0.9523,28,True
12,lbfgs,1e-05,0.2533166034610266,12.051383901000008,0.95,0.9521,4857,True
13,newton-cg,1e-05,0.25325295701145983,199.85701057200004,0.95,0.952,1000,False
14,newton-lsmr,1e-05,0.2533087451792428,3.6252155280000125,0.95,0.952,36,True
15,lbfgs,1e-06,0.2533166034610266,12.347437652000053,0.95,0.9521,4857,True
16,newton-lsmr,1e-06,0.2532626656009668,6.435234499999979,0.95,0.952,40,True
17,lbfgs,1e-07,0.2533166034610266,12.189115778000087,0.95,0.9521,4857,True
18,newton-lsmr,1e-07,0.2532542577827176,9.683463791999998,0.95,0.952,44,True
19,lbfgs,1e-08,0.2533166034610266,12.225721022000016,0.95,0.9521,4857,True
20,newton-lsmr,1e-08,0.253253404468879,11.732737910000083,0.95,0.952,46,True
21,lbfgs,1e-09,0.2533166034610266,12.276222699999948,0.95,0.9521,4857,True
22,newton-lsmr,1e-09,0.25325290718393556,44.11685269899999,0.95,0.952,59,True
23,lbfgs,1e-10,0.2533166034610266,12.332790227000032,0.95,0.9521,4857,True
24,newton-lsmr,1e-10,0.253252907173379,51.136632717,0.95,0.952,61,True
