,solver,tol,train_loss,train_time,train_score,test_score,n_iter,converged
0,lbfgs,0.1,0.25340017702232914,15.46934699499991,0.95,0.9521,4556,True
1,newton-cg,0.1,0.2533221591024648,3.426564138999993,0.95,0.9521,52,True
2,newton-lsmr,0.1,0.35301063947398564,0.09952892399996927,0.9501,0.9523,5,True
3,lbfgs,0.01,0.25340017702232914,15.531023911000034,0.95,0.9521,4556,True
4,newton-cg,0.01,0.25325492859506693,12.990956062999999,0.95,0.952,89,True
5,newton-lsmr,0.01,0.2863171498471765,0.32926349900003515,0.9501,0.9523,14,True
6,lbfgs,0.001,0.25340017702232914,15.231670848000022,0.95,0.9521,4556,True
7,newton-cg,0.001,0.2532533327307855,38.735172034000016,0.95,0.952,189,True
8,newton-lsmr,0.001,0.25705451716056477,0.8695009130000244,0.95,0.9523,25,True
9,lbfgs,0.0001,0.25340017702232914,15.231485588000055,0.95,0.9521,4556,True
10,newton-cg,0.0001,0.2532529664195233,189.33938605600008,0.95,0.952,673,True
11,newton-lsmr,0.0001,0.25705451716056477,0.865931805999935,0.95,0.9523,25,True
12,lbfgs,1e-05,0.25340017702232914,15.298775514999988,0.95,0.9521,4556,True
13,newton-cg,1e-05,0.2532529415977771,304.6518694040001,0.95,0.952,1000,False
14,newton-lsmr,1e-05,0.25329657189838384,3.0790821810001034,0.95,0.952,38,True
15,lbfgs,1e-06,0.25340017702232914,15.455527478000022,0.95,0.9521,4556,True
16,newton-lsmr,1e-06,0.25327232949016676,3.765228147000016,0.95,0.952,40,True
17,lbfgs,1e-07,0.25340017702232914,15.800213888000144,0.95,0.9521,4556,True
18,newton-lsmr,1e-07,0.2532556110780084,5.892281940999965,0.95,0.952,44,True
19,lbfgs,1e-08,0.25340017702232914,15.700237168000058,0.95,0.9521,4556,True
20,newton-lsmr,1e-08,0.2532532746391692,9.099344829000074,0.95,0.952,48,True
21,lbfgs,1e-09,0.25340017702232914,15.639570264999975,0.95,0.9521,4556,True
22,newton-lsmr,1e-09,0.2532529071787801,33.01299125399987,0.95,0.952,61,True
23,lbfgs,1e-10,0.25340017702232914,15.72344952200001,0.95,0.9521,4556,True
24,newton-lsmr,1e-10,0.2532529071727691,38.715306057999896,0.95,0.952,63,True
