{
  "cases": [
    {
      "classifier": {
        "timings": {
          "decision_path": {
            "all": [
              0.011094540997873992,
              0.010902084002736956,
              0.011155542044434696,
              0.011033749964553863,
              0.011434916988946497,
              0.011861749982926995,
              0.011251999996602535
            ],
            "best": 0.010902084002736956,
            "median": 0.011155542044434696
          },
          "fit": {
            "all": [
              0.11033574998145923,
              0.10947841702727601,
              0.10856845800299197,
              0.10974400001578033,
              0.10856745898490772,
              0.10952208301750943,
              0.10938550002174452
            ],
            "best": 0.10856745898490772,
            "median": 0.10947841702727601
          },
          "predict": {
            "all": [
              0.010811707994434983,
              0.011110832972917706,
              0.010907832998782396,
              0.011215457983780652,
              0.011260833009146154,
              0.011518582992721349,
              0.010745000035967678
            ],
            "best": 0.010745000035967678,
            "median": 0.011110832972917706
          }
        },
        "tree": {
          "categorical_splits": 967,
          "depth": 12,
          "node_count": 1935
        }
      },
      "n_categories": 64,
      "regressor": {
        "timings": {
          "decision_path": {
            "all": [
              0.011623082973528653,
              0.011838082980830222,
              0.01210287504363805,
              0.011803457979112864,
              0.011917666997760534,
              0.012235250032972544,
              0.011498834006488323
            ],
            "best": 0.011498834006488323,
            "median": 0.011838082980830222
          },
          "fit": {
            "all": [
              0.13977983297081664,
              0.13995337497908622,
              0.13856150000356138,
              0.13886695797555149,
              0.14141895796637982,
              0.14037858397932723,
              0.1438970830058679
            ],
            "best": 0.13856150000356138,
            "median": 0.13995337497908622
          },
          "partial_dependence_recursion": {
            "all": [
              0.0007820840110071003,
              0.0007650000043213367,
              0.0007602919940836728,
              0.0007531660376116633,
              0.0007581670070067048,
              0.0007612920016981661,
              0.000919707992579788
            ],
            "best": 0.0007531660376116633,
            "median": 0.0007612920016981661
          },
          "predict": {
            "all": [
              0.010954583005513996,
              0.011191208963282406,
              0.010844792006537318,
              0.011416957946494222,
              0.01120883401017636,
              0.010968916991259903,
              0.011066665989346802
            ],
            "best": 0.010844792006537318,
            "median": 0.011066665989346802
          }
        },
        "tree": {
          "categorical_splits": 1853,
          "depth": 12,
          "node_count": 3707
        }
      }
    },
    {
      "classifier": {
        "timings": {
          "decision_path": {
            "all": [
              0.0107904999749735,
              0.010918291984125972,
              0.011023624974768609,
              0.010710999951697886,
              0.011308417015243322,
              0.011073832982219756,
              0.010871665959712118
            ],
            "best": 0.010710999951697886,
            "median": 0.010918291984125972
          },
          "fit": {
            "all": [
              0.11217958404449746,
              0.11217270803172141,
              0.11195812502410263,
              0.11154583399184048,
              0.11267370800487697,
              0.11168649996398017,
              0.11156341701280326
            ],
            "best": 0.11154583399184048,
            "median": 0.11195812502410263
          },
          "predict": {
            "all": [
              0.010916333994828165,
              0.011049916036427021,
              0.01092116703512147,
              0.010711500013712794,
              0.010865290998481214,
              0.010821959003806114,
              0.010899042012169957
            ],
            "best": 0.010711500013712794,
            "median": 0.010899042012169957
          }
        },
        "tree": {
          "categorical_splits": 759,
          "depth": 12,
          "node_count": 1519
        }
      },
      "n_categories": 128,
      "regressor": {
        "timings": {
          "decision_path": {
            "all": [
              0.011907916981726885,
              0.01227487501455471,
              0.011830292001832277,
              0.011973207991104573,
              0.012798667012248188,
              0.012919417000375688,
              0.012859958049375564
            ],
            "best": 0.011830292001832277,
            "median": 0.01227487501455471
          },
          "fit": {
            "all": [
              0.17222729203058407,
              0.17264804197475314,
              0.17190200003096834,
              0.17183433403261006,
              0.17221595899900422,
              0.1726349169621244,
              0.17257091600913554
            ],
            "best": 0.17183433403261006,
            "median": 0.17222729203058407
          },
          "partial_dependence_recursion": {
            "all": [
              0.001239416014868766,
              0.0011222090106457472,
              0.0010758750140666962,
              0.0010857090237550437,
              0.0010640000109560788,
              0.0010720000136643648,
              0.0010700840502977371
            ],
            "best": 0.0010640000109560788,
            "median": 0.0010758750140666962
          },
          "predict": {
            "all": [
              0.010870666999835521,
              0.010856624983716756,
              0.010933041980024427,
              0.010835249966476113,
              0.01079725002637133,
              0.011082791024819016,
              0.011143082985654473
            ],
            "best": 0.01079725002637133,
            "median": 0.010870666999835521
          }
        },
        "tree": {
          "categorical_splits": 1853,
          "depth": 12,
          "node_count": 3707
        }
      }
    },
    {
      "classifier": {
        "timings": {
          "decision_path": {
            "all": [
              0.009716040978673846,
              0.00952579197473824,
              0.009987541998270899,
              0.01003033301094547,
              0.010091750009451061,
              0.00976712501142174,
              0.009701250004582107
            ],
            "best": 0.00952579197473824,
            "median": 0.00976712501142174
          },
          "fit": {
            "all": [
              0.11748212500242516,
              0.11692254198715091,
              0.11793658399255946,
              0.11735729197971523,
              0.11778704100288451,
              0.11719854199327528,
              0.11886941699776798
            ],
            "best": 0.11692254198715091,
            "median": 0.11748212500242516
          },
          "predict": {
            "all": [
              0.00978995900368318,
              0.009364833997096866,
              0.009396915964316577,
              0.009745291026774794,
              0.009984374977648258,
              0.00953699997626245,
              0.009955625049769878
            ],
            "best": 0.009364833997096866,
            "median": 0.009745291026774794
          }
        },
        "tree": {
          "categorical_splits": 516,
          "depth": 11,
          "node_count": 1033
        }
      },
      "n_categories": 256,