{
  "cases": [
    {
      "classifier": {
        "timings": {
          "decision_path": {
            "all": [
              0.01226308400509879,
              0.056744375033304095,
              0.014817208983004093,
              0.012373875011689961,
              0.014154958014842123,
              0.011839875020086765,
              0.011741292022634298
            ],
            "best": 0.011741292022634298,
            "median": 0.012373875011689961
          },
          "fit": {
            "all": [
              0.11023658298654482,
              0.10983658401528373,
              0.11062366695841774,
              0.11120729200774804,
              0.10959808301413432,
              0.10964074998628348,
              0.11097208299906924
            ],
            "best": 0.10959808301413432,
            "median": 0.11023658298654482
          },
          "predict": {
            "all": [
              0.011676083027850837,
              0.012002207979094237,
              0.012404999986756593,
              0.012716625002212822,
              0.011481832945719361,
              0.022100541973486543,
              0.06226908299140632
            ],
            "best": 0.011481832945719361,
            "median": 0.012404999986756593
          }
        },
        "tree": {
          "categorical_splits": 967,
          "depth": 12,
          "node_count": 1935
        }
      },
      "n_categories": 64,
      "regressor": {
        "timings": {
          "decision_path": {
            "all": [
              0.011814958998002112,
              0.011924999998882413,
              0.012121999985538423,
              0.012255250010639429,
              0.013030083966441453,
              0.01202458399347961,
              0.01195279200328514
            ],
            "best": 0.011814958998002112,
            "median": 0.01202458399347961
          },
          "fit": {
            "all": [
              0.1484126669820398,
              0.14855420804815367,
              0.14431908400729299,
              0.14425687497714534,
              0.14582312502898276,
              0.14336204098071903,
              0.14261575002456084
            ],
            "best": 0.14261575002456084,
            "median": 0.14431908400729299
          },
          "partial_dependence_recursion": {
            "all": [
              0.0012597080203704536,
              0.0012394590303301811,
              0.0010857920278795063,
              0.0010320830042473972,
              0.0009712079772725701,
              0.001011999964248389,
              0.001110833021812141
            ],
            "best": 0.0009712079772725701,
            "median": 0.0010857920278795063
          },
          "predict": {
            "all": [
              0.012329292017966509,
              0.011461582966148853,
              0.01137629197910428,
              0.011398791975807399,
              0.011439875001087785,
              0.011471417034044862,
              0.011371249973308295
            ],
            "best": 0.011371249973308295,
            "median": 0.011439875001087785
          }
        },
        "tree": {
          "categorical_splits": 1853,
          "depth": 12,
          "node_count": 3707
        }
      }
    },
    {
      "classifier": {
        "timings": {
          "decision_path": {
            "all": [
              0.011311542009934783,
              0.010767417028546333,
              0.011288583977147937,
              0.010564291034825146,
              0.011663332988973707,
              0.011604416999034584,
              0.011815500038210303
            ],
            "best": 0.010564291034825146,
            "median": 0.011311542009934783
          },
          "fit": {
            "all": [
              0.11247654200997204,
              0.11189791600918397,
              0.11319695803103969,
              0.11229095800081268,
              0.1123230829834938,
              0.11183454201091081,
              0.11253495799610391
            ],
            "best": 0.11183454201091081,
            "median": 0.1123230829834938
          },
          "predict": {
            "all": [
              0.01125370804220438,
              0.010320083005353808,
              0.01027725002495572,
              0.010836625006049871,
              0.011735124979168177,
              0.01019200001610443,
              0.010193249967414886
            ],
            "best": 0.01019200001610443,
            "median": 0.010320083005353808
          }
        },
        "tree": {
          "categorical_splits": 759,
          "depth": 12,
          "node_count": 1519
        }
      },
      "n_categories": 128,
      "regressor": {
        "timings": {
          "decision_path": {
            "all": [
              0.011632333975285292,
              0.011877582990564406,
              0.012231333006639034,
              0.01364104199456051,
              0.013513083977159113,
              0.01135633303783834,
              0.011974041000939906
            ],
            "best": 0.01135633303783834,
            "median": 0.011974041000939906
          },
          "fit": {
            "all": [
              0.18260479101445526,
              0.18323575000977144,
              0.17446991702308878,
              0.17175533302361146,
              0.1815799999749288,
              0.17926320800324902,
              0.17670237499987707
            ],
            "best": 0.17175533302361146,
            "median": 0.17926320800324902
          },
          "partial_dependence_recursion": {
            "all": [
              0.0010911250137723982,
              0.0010972499730996788,
              0.001270374981686473,
              0.0013011250412091613,
              0.0011197500280104578,
              0.0013093749876134098,
              0.0011127920006401837
            ],
            "best": 0.0010911250137723982,
            "median": 0.0011197500280104578
          },
          "predict": {
            "all": [
              0.010771790985018015,
              0.010980958002619445,
              0.0111512920120731,
              0.012412333977408707,
              0.01116691599600017,
              0.010885333002079278,
              0.010803750017657876
            ],
            "best": 0.010771790985018015,
            "median": 0.010980958002619445
          }
        },
        "tree": {
          "categorical_splits": 1853,
          "depth": 12,
          "node_count": 3707
        }
      }
    },
    {
      "classifier": {
        "timings": {
          "decision_path": {
            "all": [
              0.009598375007044524,
              0.009757624997291714,
              0.009514332981780171,
              0.009646542021073401,
              0.009596082963980734,
              0.010125542001333088,
              0.00977399997645989
            ],
            "best": 0.009514332981780171,
            "median": 0.009646542021073401
          },
          "fit": {
            "all": [
              0.11973858304554597,
              0.12022112496197224,
              0.11973408400081098,
              0.12399137497413903,
              0.11750329099595547,
              0.1184899999643676,
              0.12057870900025591
            ],
            "best": 0.11750329099595547,
            "median": 0.11973858304554597
          },
          "predict": {
            "all": [
              0.010135458025615662,
              0.00972491700667888,
              0.009499208012130111,
              0.00932316604303196,
              0.009139665984548628,
              0.009280125028453767,
              0.009442249953281134
            ],
            "best": 0.009139665984548628,
            "median": 0.009442249953281134
          }
        },
        "tree": {
          "categorical_splits": 516,
          "depth": 11,
          "node_count": 1033
        }
      },
      "n_categories": 256,